nom;rue;codePostal;ville;telephone;mail;
10H11;64 cours Georges Clemenceau;33000;BORDEAUX;05 57 83 25 42;;
1D LAB;C/O gaité Lyrique, Résidence Créatis 3 rue Papin;75003;PARIS;;;
1D LAB;5 rue Javelin Pagnon;42000;SAINT ETINENE;;;
ABG INTELLI'AGENCE;239 rue Saint Martin;75003;PARIS;01 42 74 27 51;abg@abg.asso.fr;
ACEPP 17;20 rue du marais, champservé;17430;TONNAY CHARENTE;05 46 87 20 05;acepp17.asso@gmail.com;
ACEPP 33/47;414 route de Toulouse;33130;BEGLES;05 56 49 16 42;acepp33.47@orange.fr;
ACEPP 86;15 rue des quintus;86190;QUINCAY;05 49 45 98 25;cepp86@orange.fr;
ACEPP PARIS;29 rue du charolais;75012;PARIS;01 44 73 85 20;;
ACI SAINT FIACRE;21 rue de l'abattoir;17100;SAINTES;05 46 95 00 87;saintfiacre17@orange.fr;
ACTES;65 quai de Brazza;33100;BORDEAUX;05 56 67 14 47;elise.atlantique@elise.com.fr;
ADEF SAINTES;88 rue de l'Arc de Triomphe;17100;SAINTES;05 46 92 54 14;;
ADEME BORDEAUX;le prelude, 140 rue des terres de borde, CS 31330;33080;BORDEAUX CEDEX;05 49 50 12 12;;
ADEME LIMOGES;38 ter avenue de la libération, BP 20259;87007;LIMOGES CEDEX;;;
ADEME POITIERS;60 rue Jean Jaurés, CS 90452;86011;POITIERS CEDEX;;;
ADI-NA;6 allée du Doyen Georges Brus;33600;PESSAC;05 56 15 11 94;;
ADIE POITIERS;11 avenue robert schuman;86000;POITIERS;0 969 328 110;;
ADIE TALENCE;résidence atrium, entrée A, place paul gauguin;33400;TALENCE;0 969 328 110;;
ADRESS NORMANDIE;115 Boulevard de l'Europe;76100;ROUEN;02 35 72 12 12;;
AGENCE CITOYENNE;24 rue du fer à moulin;75005;PARIS;;alexandre.godin@lagencecitoyenne.com;
AGENCE DE L'EAU ADOUR GARONNE;90 rue de Férétra, CS 87801;31078;TOULOUSE CEDEX 4;05 61 36 37 38;;
AGENCE ERASMUS;25 quai des chartrons;33080;BORDEAUX CEDEX;05 56 00 94 00;;
AGENCE PLACE;bat 19, rue des terres neuves;33130;BEGLES;05 56 31 29 28;place@place-reflex.org;
AGENCE REGIONALE PAYS DE LA LOIRE;7 Rue du Général de Bollardière;44200;NANTES;02 40 89 89 89;;
AGENCE REGIONALE POUR LA BIODIVERSITE;87 quai des queyries;33100;BORDEAUX;09 80 91 06 46;;
AGGLOMERATION DE PAU;2 bis place royale;64000;PAU;05 59 98 78 00;infos@agglo-pau.fr;
AGGLOMERATION GRAND POITIERS;15 place du maréchal leclerc;86000;POITIERS;05 49 52 35 35;;
AGILONAUTE;2 allée Clérans;33170;GRADIGNAN;05 35 54 29 80;contact@agilonaute.fr;
AGRICULTURE AQUITAINE;;;;;;
AGROBIO 47;7 bvd danton ;47300;VILLENEUVE SUR LOT;05 53 41 75 03;info@agrobio47.fr;
AGROBIOPC;12 Bis Rue Saint-Pierre;79500;MELLE;05 49 29 17 17;;
AKCELI;16 place de la dauversiere;49000;ANGERS  ;02 44 01 35 01;fabien@akceli.fr;
ALDEV;122 rue du Château d'Orgemont;49000;ANGERS  ;02 52 57 01 42;;
ALIFS;9 cours pasteur ;33000;BORDEAUX;05 56 01 01 28;alifs.asso@orange.fr;
ALISO DLA CREUSE;8bis rue du marché;23000;GUERET;05 55 52 00 40;contact@aliso.fr;
ALOGIA;Le village Credit Agricole, 11 Cours du 30 Juillet;33000;BORDEAUX;06 26 12 19 37;apetit@alogia.eu;
ALTER INCUB;10 Avenue des Canuts;69120;VAULX EN VELIN;;;
AMNESTY INTERNATIONAL France;76 boulevard de la villette;75940;PARIS CEDEX 19;01 53 38 65 65;webmestre@amnesty.fr;
ANGERS DEVELOPPEMENT;122 Rue du Château d'Orgemont;49000;ANGERS;;;
ANRT;41 Bvd des Capucines;75002;PARIS;01 55 35 25 50;;
APESA;technopole Helioparc Bat Monge 3e etage - 2 av du président Pierre angot;64053;PAU CEDEX 09;05 59 30 46 26;contact@apesa.fr;
APESS 53;Zone Technopolis – Bat K Rue Louis de Broglie;53810;CHANGE;06 95 67 54 63 ou 06 59 32 76 22;apess53.mayenne@gmail.com;
APPRENTIS D'AUTEUIL;29 rue Robert Caumont, bureau du lac Ii, Bat S;33049;BORDEAUX;05 56 17 31 90;;
APREVA;Zone d'aménagement concerté Fromadan;47190;AIGUILLON;05 53 83  20 08;contact@apreva47.fr;
APREVA 47;ZAC du Fromadan BP 66 ;47190;AIGUILLON;05 53 83 20 08;contact@apreva47.fr;
AQUABIO;ZA du Grand Bois Est Route de Créon;33750;SAINT GERMAIN DU PUCH;05 57 24 57 21;contact@aquabio-conseil.fr;
AQUITAINE ACTIVE;111 cours maréchal Galliéni;33000;BORDEAUX;05 56 24 56 79;abourquard@aquitaineactive.org;
AQUITAINE CULTURE;50 Place des Martyrs de la Résistance;33000;BORDEAUX;09 82 51 00 86;contact@aquitaineculture.org;
AQUITAINE EVAL CONSEIL - AEC;43 rue Montuard;33670;CREON;05 56 23 45 32;;
AQUITAINE LANDES RECIF;2128 Avenue de la Résistance;40990;SAINT PAUL LES DAX;;;
AQUITAINE SCIENCE TRANSFERT - AST;Bâtiment A31 – 3ème étage 351, cours de la libération;33405;TALENCE;05 33 51 43 00;;
AQUITAINE SELECTION;ZI 5 chemin de l'aiguillon;33430;BAZAS;05 56 65 73 30;direction@aquitaineselection.fr;
AQUITANIS;1 AVENUE ANDRE REINSON;33028;BORDEAUX CEDEX;;;
ARISE UP;;;;06 79 93 34 20;ariseup11@gmail.com;
ARIST POITOU CHARENTES;1, boulevard Marie-et-Pierre-Curie – Téléport 2 ;86962;FUTUROSCOPE;05 49 60 97 60;Arist@poitou-charentes.cci.fr;
ARS CENTRE;Cité administrative Coligny 131 rue du faubourg Bannier - BP 74409;45044;ORLEANS CEDEX 1;02.38.77.32.32;ars-centre-contact@ars.sante.fr;
ARTEMISIA;20 rue Pierre Demours;75017;PARIS;;;
ARTS ET ATRES;;;;;;
ASSADOM;1 Rue Dupetit Thouars;49000;ANGERS;;;
ASSEMBLEE NATIONALE;126 rue de l'Université;75355;PARIS 07;01 40 63 60 00;;
ASSOCIATION LE SAS;21 rue de l'abattoir;17100;SAINTES;05 46 97 24 20;;
ASSOCIATION MINGA;5 rue traverse;93200;SAINT DENIS;01 48 09 92 53;minga@minga.net;
ASSOCIATION PARENTHESE 16;68 boulevard Denfert Rochereau;;COGNAC;05 45 32 11 25;parenthesecognac@orange.fr;
ASSOCIATION RICOCHETS;zone artisanale  Théorat;24190;NEUVIC;05 53 81 63 06;contact@ricochets-asso.fr;
ATELIER COACHING & CREATIVITE;1 avenue Phénix Haut Brion;33600;PESSAC;06 27 50 95 24;;
ATELIER DU SOLEIL LEVANT;57 avenue de Poitiers;86600;LUSIGNAN;09 50 86 32 89;;
ATIS;156 avenue Jean Jaures;33600;PESSAC;09 79 72 71 94;contact@atis-asso.org;
AUGMENTED ACCOUSTICS;104 factory, le centquatre, 5 rue curial;75019;PARIS;;;
AUVERGNE ACTIVE DLA ALLIER;21 allée Evariste Galois;63170;AUBIERE;04 73 34 22 63;contact@auvergneactive.net;
AVISE;18 rue Parmentier;75011;PARIS;01 53 25 02 25;contact@avise.org;
AXLR SATT;95 rue de la Galéra;34095;MONTELLIER CEDEX 5;04 67 41 86 48;;
BENOOLEND;47 Rue Judaïque;33000;BORDEAUX;06 60 15 93 39;bdiallo@benoolend.com;
BGE ANJOU MAYENNE;56 rue Albert Camus;49800;TRELAZE;02 41 66 52 52;contact@bge-mayenne.com;
BGE ATLANTIQUE VENDEE;2 rue Robert le Ricolais, BP 60432;44304;NANTES;02 40 52 52 12;contact@bge-atlantiquevendee.om;
BGE LANDES TEC GE COOP;ZA de Pémégnan, BP 57;40001;MONT DE MARSAN;05 58 06 10 40;;
BGE LIMOUSIN DLA;25 cours jean Pénicaud;87000;LIMOGES;05 55 33 14 79;bge@bge-limousin.fr;
BGE PAYS DE LA LOIRE;2 rue Robert le Ricolais, BP 60432;44304;Nantes;02 40 52 52 12;contact@bge-atlantiquevendee.om;
BGE SUD OUEST ANTENNE 47;rue du trech, ZAC Agen Sud;47000;AGEN;05 53 66 20 50;bge47@creer.fr;
BIO D'AQUITAINE;6 rue du Château Trompette;33000;BORDEAUX;05 56 81 37 70;info@bio-aquitaine.com;
BIO PAYS DE LA LOIRE;9 rue andré Brouard, BP 70510;49105;ANGERS CEDEX 02;02 41 18 61 40;cab@biopaysdelaloire.fr;
BIOLANDES;route de belis;40420;LE SEN;05 58 51 00 00;;
BIOSIT ;"Campus de Villejean - Santé - Bâtiment 8 
2 rue du Professeur Léon Bernard";35043;RENNES;;;
BISTROT BORDEAUX JAMON JAMON;2 rue Louis Combes ;33000;BORDEAUX;05 56 52 97 75;contact@jamon-jamon.fr;
BORDEAUX LES DEUX RIVES;4 cours de Verdun;33000;BORDEAUX;;;
BORDEAUX MECENES SOLIDAIRES;29 rue du mirail ;33000;BORDEAUX;;;
BORDEAUX METROPOLE;esplanade charles de gaulle;33076;BORDEAUX CEDEX;05 56 99 84 84;;
BORDEAUX UNITEC;162 avenue du docteur Albert Schweitzer;33600;PESSAC;05 56 15 80 00;info@bordeauxunitec.com;
BPI Dijon;27 Rue Elsa Triolet;21000;DIJON;;;
BPI France AQUITAINE;1 place Ravezies, BP 50155;33042;BORDEAUX CEDEX;05 56 48 46 54;;
BPI France Bordeaux;55 cours georges Clémenceau;33000;BORDEAUX;05 56 00 74 00;;
BPI Groupe;37 Rue du Rocher;75008;PARIS;;;
BPI Hauts de France;32, boulevard Carnot;59000;LILLE;;;
BPI Lille;32, boulevard Carnot;59000;LILLE;;;
BPI Poitiers;70 Rue Jean-Jaurès;86000;POITIERS;;;
BPI Saint Denis;15 rue Malartic;97400;SAINT DENIS CEDEX;;;
BPI Toulouse;Boite postale 63379 - 24, avenue Georges Pompidou;31133;BALMA CEDEX;;;
BRASSERIE DU METS D'OC;;;;;;
BUSI (INCUBATEUR);2 rue Michel Renaud, Biopôle Clermont-Limagne;63360;SAINT BEAUZIRE;;;
CABINET DE SAINT FRONT;3 rue Brindejonc des Moulinais;31500;TOULOUSE;05 61 24 74 40; ;
CABINET DROUINEAU 1927;24 rue Arsène Orillard;86000;POITIERS;05 49 88 02 38;accueil@drouineaucossetbacle.fr;
CABINET FUSTER;1 allee elsa triolet, les bureaux de Palmer;33150;CENON; ;contact@cabinet-fuster.com;
CAF DE LA CHARENTE;boulevard de bury;16911;ANGOULEME CEDEX;05 45 94 42 24;;
CAISSE DES DEPOTS DELEGATION DE BORDEAUX;38 rue de cursol - CS 61530;33081;BORDEAUX CEDEX;05 56 00 01 44;;
CAISSE DES DEPOTS GROUPE;56 rue de lille;75356;PARIS CEDEX 07 ;;;
CAM'IN;20 chemin de Berri;33160;SAINT MEDARD EN JALLES;06 62 08 56 96;;
CAMINO;57 avenue Farvaque;33130;BEGLES;;;
CAP SCIENCES ;hangar 20, quai de bacalan;33300;BORDEAUX;05 56 01 07 07;;
CCAS SAINTES;86 cours Genet;17100;SAINTES;05 46 92 34 45;info@ville-saintes.fr;
CCI DE BORDEAUX;17 place de la bourse, CS 61274;33076;BORDEAUX CEDEX;05 56 79 51 56;;
CD CHARENTE MARITIME;85 bld de la république, CS 60003;17076;LA ROCHELLE CEDEX 9;05 46 31 70 00;;
CD GIRONDE;14 rue Jules Védrines;33500;LIBOURNE;05 57 51 48 70;;
CEES QUEBEC;3995 rue Berri, Montreal, QC, H2L 4H2;;MONTREAL QUEBEC;514 570-1667;info@ceesq.com;
CEFRAS SAINT NAZAIRE;17 bld gGambetta 1er etage;44600;SAINT NAZAIRE;02 51 16 01 39;saintnazaire@cefras.com;
CEI 86;Téléport 1, 2 avenue Galilée;86961;FUTUROSCOPE CHASSENEUIL CEDEX;05 49 49 64 46;contact@cei86.com;
CEMMC;UFR Humanités, Université Bdx 3, Domaine Universitaire;33607;PESSAC CEDEX;05 57 12 15 59;florence.verdier@u-bordeaux-montaigne.fr;
CENTRE CONNECT RFF;3  Avenue Bernard Hirsch;95021;CERGY PONTOISE;;;
CENTRE EMILE DURKHEIM;sciences po Bordeaux, 11 allée Ausone;33607;PESSAC CEDEX;;;
Centre Socioculturel du Pays Menigoutais;46 Boulevard Edgar Quinet;79200;PARTHENAY;;;
CENTVINGTSIX;36 place jules ferry;92120;MONTROUGE;;;
CEREQ;10 place de la joliette BP 21321;13567;MARSEILLE CEDEX 02;04 91 13 28 28;;
CERGE;30 Rue Pierre Semard;94400;VITRY SUR SEINE;;;
CESER AQUITAINE;14 rue François de Sourdis;33077;BORDEAUX CEDEX;05 57 57 80 80;com@ceser-aquitaine.fr;
CEZAM NA DEUX SEVRES;bld françois arago, parc les colonnes vertes, BP40013;79182;CHAUNAY CEDEX;;info@credes.asso.fr;
CEZAM NA EN CHARENTE MARITIME;rue pasteur, ZI de perigny, BP 90043;17183;PERIGNY;;;
CEZAM NOUVELLE AQUITAINE EN CHARENTE;14 rue marcel paul;16000;ANGOULEME;;;
CGET;TSA 10717;75334;PARIS CEDEX 07;01 85 58 60 00;;
CHAMBRE DES METIERS AQUITAINE;46 rue Général de Larminat;33074;BORDEAUX CEDEX;05 56 99 91 25;;
CIGL;Rue Costes Et Bellonte;40600;BISCAROSSE;;;
CISTE;;;;;;
CITIZ BORDEAUX;16 rue Ausone;33000;BORDEAUX;05 56 31 10 66;;
CIVAM BIO DES LANDES;2915 route des barthes;40180;OEYRELUY;05 58 98 71 92;civambio40@wanadoo.fr;
CIVAM PAYS DE LA LOIRE;4 rue de la résistance;44390;SAFFRE;02 40 72 65 05;;
CLAIRSIENNE;223 av Emile Counord;33081;BORDEAUX CEDEX;05 56 29 22 99;;
CLIC ISSOIRE;11 rue espanon;63500;ISSOIRE;04 73 89 67 38;;
CNLRQ;54 avenue philippe auguste;75011;PARIS;01 48 05 67 58;accueil@cnlrq.org;
CNRS - UNIVERSITE DE BORDEAUX;esplanade des arts et métiers, BP 105;33402;TALENCE CEDEX;05 57 35 58 00;;
COCO SHAKER (INCUBATEUR);5 Rue Saint-Dominique;63000;CLERMONT FERRAND;09 81 04 60 81;;
COMMUNAUTE DE COMMUNES DE BLAYE;maison des services au public, 32 rue des Maçons, BP 154;33391;BLAYE CEDEX;05 57 42 75 20;;
COMMUNAUTE DE COMMUNES GRAND CHATELLERAULT;78 Boulevard de Blossac;86100;CHATELLERAULT;;;
COMMUNAUTE DE COMMUNES OCEAN MARAIS DE MONTS;46 Place de la Paix;85160;SAINT JEAN DE MONTS;02 51 58 07 89;;
COMMUNE DE SAINT PIERRE DES CORPS;34, av. de la République ;37703;SAINT PIERRE DES CORPS;02 47 63 43 43;;
COMPAGNONS BATISSEURS AQUITAINE;24/26 rue Paul Mamert;33800;BORDEAUX;05 56 01 30 70;;
CONCIERGERIE SOLIDAIRE;darwin eco-système, 87 quai des queyries;33100;BORDEAUX;09 70 80 55 65;contact@conciergerie-solidaire.fr;
CONSEIL REGIONAL NORMANDIE;Abbaye-aux-Dames Place Reine Mathilde CS 50523;14035;CAEN CEDEX 1;;;
CONSEIL REGIONAL NOUVELLE AQUITAINE;14 rue françois de Sourdis;33077;BORDEAUX CEDEX;05 57 57 80 00;;
CONSEIL REGIONAL OCCITANIE;22, boulevard du maréchal Juin;31406;TOULOUSE CEDEX 9;;;
CONSEIL REGIONAL PAYS DE LA LOIRE;1 Rue de la Loire,;44000;NANTES;02 28 20 50 00;;
CONSORTIUM COOPERATIVE;les usines nouvelles, avenue de la plage;86240;LIGUGE;;;
COOPERATIVE DES TIERS LIEUX;29 chemin richelieu;33270;FLOIRAC;09 72 83 10 90;contact@tierslieux.net;
COOPERER POUR ENTREPRENDRE;37 rue Bouret ;75019;PARIS;01 42 63 47 71;;
COOPERER POUR ENTREPRENDRE;1 rue de l'Angeviniere;44800;SAINT HERBLAIN;;;
COTE COURS;;;;;;
COTOITURAGE;46 route d'aritxague;64600;ANGLET;;;
CREAHD;6 allée du Doyen Georges Brus;33600;PESSAC;05 57 21 36 10;;
CRED;Université de Bordeaux - Campus de Pessac;33170;GRADIGNAN;;;
CRED IUT BORDEAUX 1;15 rue Naudet - CS 10207;33175;GRADIGNAN CEDEX;05 56 84 58 81;;
CREDES - CEZAM POITOU CHARENTES;ZI N°3 100 - rue Victor Hugo - BP 70641;16340;L'ISLE D'ESPAGNAC;;;
CREDIT COOPERATIF NANTES;42 bld guist'hau, BP 90215;44002;NANTES CEDEX 01;02 49 79 00 37;nantes@credit-cooperatif.coop;
CRESS AQUITAINE;centre d'affaires jean jacques bosc, 388 bld JJ Bosc;33323;BEGLES CEDEX;05 47 74 52 10;;
CRESS AQUITAINE;90 Rue Malbec;33800;BORDEAUX;05 47 74 52 10;contact@cressaquitaine.org;
CRESS BRETAGNE;187 rue de chatillon;35000;RENNES;02 99 85 89 53;;
CRESS PAYS DE LA LOIRE;42 rue des hauts pavés;44000;Nantes;02 40 74 02 49;accueil@cress-pdl.org;
CRESS POITOU CHARENTES;37 Rue Sadi Carnot;86000;POITIERS;;;
CRGE;37 rue Carnot;86000;POITIERS;05 49 88 25 57;contact@crge.com;
CRISALIDH;maison des sciences de l'homme d'aquitaine, domaine universitaire, 10 esplanade des antilles;33607;PESSAC CEDEX;05 56 84 45 61;crisalidh@u-bordeaux.fr;
CRISES - UQAM;Université du Québec à Montréal C.P. 8888 Succursale Centre-ville;H3C 3P8;MONTREAL QUEBEC;;;
CULTURE & SANTE;1 rue Aristide Briand;33152;CENON CEDEX;;;
D'ASQUES ET D'AILLEURS;85 Rue du Port;33240;ASQUES;;;
DATA ROUEN;iLE LACROIX;;;;contact@data-rouen.com;
DECLIC ENTREPRENEUR;;;;;;
DEUXIEME LABO;56 Boulevard Auguste Blanqui;75013;PARIS;;;
DEVINNOV;3 rue Maréchale de lattre de tassigny;44000;NANTES;;;
DFDEI - PAYS DE LA LOIRE;;;;;;
DIRECCTE AQUITAINE;118 Cours Maréchal Juin;33000;BORDEAUX;;;
DIRECCTE PAYS DE LA LOIRE;22 Mail Pablo Picasso;44000;NANTES;;;
DIRECTION REGIONALE A LA RECHERCHE ET A LA TECHNOLOGIE POUR L'AQUITAINE (DRRT);SGAR, 4b esplanade charles de gaulle;33077;BORDEAUX CEDEX;05 56 90 65 19;;
DLA CORREZE;10 Avenue Général Leclerc Maréchal de France;19100;BRIVE LA GAILLARDE;;dla-correze@mission-locale-tulle.fr;
DLA GERS;36 rue des canaris, BP 20587;32022;AUCH CEDEX 9;05 62 60 64 26;;
DLA INITIATIVE PERIGORD;Pôle interconsulaire - Cré@vallée Nord, 295 boulevard des Saveurs;24660;COULOUNIEIX CHAMIERS CEDEX;05 53 35 80 23;;
DU VERT DANS LES ROUAGES;11 rue de l'école;33100;BORDEAUX;;contact@duvertdanslesrouages.fr;
ECAIR;;;;;;
ECO SAVE;22 Rue Atlantis;87000;LIMOGES;;;
ECOLE DES MINES D'ALES;parc scientifique Georges Besse ;30035;NIMES CEDEX 01;04 66 38 70 58;;
ECOSSOLIES / SCIC ECOSSIMMO;le solilab, 8 rue saint dominique;44200;Nantes;;damien.labrousse@ecossolies.fr;
EDF;;;;;;
EFICUS;87 Quai des Queyries;33000;BORDEAUX;;;
EKITOUR;6 bis rue Albin Haller, ZI Republique 2;86000;POITIERS;05 49 47 73 13;ekitour@gmail.com;
ELLYX;123 avenue René Cassagne;33150;CENON;;;
ELYSEE;55 rue du faubourg saint honoré;75008;PARIS;01 42 92 78 68;;
ENERCOOP;87 Quai des Queyries;33100;BORDEAUX;;;
ENTREPRENEURS SOLIDAIRES;33 Rue Hector Blanchet;38500;VOIRON;;;
ESPACE MENDES France;1 Rue de la Cathédrale;86000;POITIERS;;;
ESSCA;5 Rue de Condé;33000;BORDEAUX;;;
ETIC;22 rue Mérigonde;81100;CASTRES;;;
ETICOOP;Credit agricole aquitaine, 304 boulevard du Président Wilson;33075;BORDEAUX;;;
EVOLUTION;;;;;;
FACE LILLE - FONDATION AGIR CONTRE L'EXCLUSION;20/1 rue de Tournai;59000;LILLE;03 20 50 52 84;;
FAMILIEN;;;;;;
FAMILLES RURALES;Avenue Gay Lussac;33370;ARTIGUES PRES BORDEAUX;;;
FEDERATION CSC 86;12 Rue des Carmélites;86000;POITIERS;;;
FEDERATION DEPARTEMENTALE & ASSOCIATIONS LOCALES;;;;;;
FEDERATION DES CENTRES SOCIAUX DE L'ALLIER;30 Rue Emile Guillaumin,;03130;LE DONJON;07 86 99 74 44;federation.csx03@gmail.com;
FEES SPECIALES;710 Rue Favre de Saint-Castor;34080;MONTPELLIER;;;
FESTI CUP;darwin eco-système, 87 quai des queyries;33100;BORDEAUX;09 78 23 43 27;;
FMS;;;;06 17 44 05 93; ;
FNAB;40 Rue de Malte;75011;PARIS;;;
FNARS NOUVELLE AQUITAINE;PA du Mirail, 23 av du mirail;33370;ARTIGUES PRES BORDEAUX;05 56 32 19 57;;
FONDATION BORDEAUX UNIVERSITE;166 Cours de l'Argonne;33000;BORDEAUX;;;
FONDATION CREDIT COOPERATIF;12 boulevard Pesaro - CS 10002;92024;NANTERRE CEDEX;01 47 24 88 18;;
FONDATION DE France;40 avenue HOCHE;75008;PARIS;;;
FONDES;6 Rue de Bel air;44000;NANTES;;;
France ACTIVE;3 Rue Franklin;93100;MONTREUIL;;;
France CLUSTERS;14 rue Passet;69007;LYON;04 78 53 87 59;;
GAB 44;1 Rue Marie Curie;44170;NOZAY;;;
GEEV;87 Quai des queyries, Darwin - Le Campement;33100;BORDEAUX;;;
GPV RIVE DROITE;Résidence Beausite - Bâtiment B0, Rue Marcel Paul;33150;CENON;;;
GRENIER DE MEZOS;Avenue de l'Océan;40170;MEZOS;;;
GROUPE BIZNESS;17 Boulevard de la Gare;31500;TOULOUSE;;;
HANDYLOVER;2 avenue Galillée, Téléport 1, BP 30153;86967;FUTUROSCOPE CEDEX;;;
IAE DE BORDEAUX;35 avenue abadie;33072;BORDEAUX CEDEX;05 56 00 45 67;;
ID37;6 Rue Jacques Vigier;37700;SAINT PIERRE DES CORPS;;;
IFAID;Domaine Universitaire, 11 Allée Ausone;33600;PESSAC;;;
IMPACT PARTENAIRES;18 rue de la Pépinière ;75008;PARIS;;;
IN EXTENSO;;;;;;
INAE;;;;;;
INCO;3 boulevard saint martin;75003;PARIS;01 85 73 62 43;;
INDISCRETE;ZI sud du Peuron CAE4;86300;CHAUVIGNY;05 49 478 760;;
INNORAMA;9  Rue Marguerite Lagrange;94110;ARCUEIL;;contact@innorama.fr;
INSERTION POITOU CHARENTES ACTIVE;37 Rue Sadi Carnot;08600;POITIERS;;;
INSHS;;;;;;
INSTEP AQUITAINE;centre activa, 4 allée Catherine de Bourbon;64000;PAU;05 59 30 72 38;delegation64@instep-aquitaine.org;
INTEGRAL RUEDI BAUR;5 Rue Jules Vallès;75011;PARIS;01 55 25 81 10;;
INTER MADE;18 rue du Transvaal;13004;MARSEILLE;04 91 50 66 16;;
INTERSTICES MEDIATION;13, rue des Envierges;75020;PARIS;;;
IPCA DLA DEUX SEVRES;60-68 rue Carnot;86000;POITIERS;;;
IPCA POITOU CHARENTES DLA VIENNE;37 Rue Sadi Carnot;86000;POITIERS;;;
IRESA;2 Rue Eugène Freyssinet;33140;VILLENAVE D'ORNON;;;
IRFSS;25 Rue des Terres Neuves;33130;BEGLES;;;
IRGO;35 avenue Abadie - Bâtiment C  Bureau D 417 - 4ème étage;33072;BORDEAUX CEDEX;;;
JESTOCKE.COM;12 rue Théodore Ducos;33000;BORDEAUX;;;
KOENA;2 esplanade de la Gar;95110;SANNOIS;;aloha@koena.net ;
KPMG;;;;;;
L AGE DE FAIRE;9 chemin de Choisy;04200;PEIPIN;;lejournal.lagedefaire@gmail.com;
L'AUTRE ENTREPRISE;111 cours maréchal Galliéni;33000;BORDEAUX;05 56 16 52 36;delphine.vandevoorde@lautrentreprise.fr;
LA 27EME REGION;4 Rue la Vacquerie;75011;PARIS;;;
LA BANQUE POSTALE;;;;;;
LA CALI;"Communauté d'Agglomération du Libournais
BP 2026";33502;LIBOURNE;;;
LA CONCIERGERIE SOLIDAIRE;87 Quai des Queyries;33100;BORDEAUX;;;
LA FONDA;53 boulevard de Charonne;75011;PARIS;01 45 49 06 58;;
LA POSTE;;;;;;
LA RISTOURNE;Darwin Eco Système, Le Campement, 87 Quai des Queyries;33100;BORDEAUX;;;
LA RUCHE BORDEAUX;66 rue Abbé de l'Epée;33000;BORDEAUX;;;
LA SERRE;27 bis allées Maurice Sarraut;31300;TOULOUSE;;location@la-serre.org;
LABO ESS;41 rue de Bellechasse;75007;PARIS;;;
LABORATOIRE ECOBIO - UNIVERSITE DE RENNES;Rue du Thabor;35000;RENNES;;;
LAREFI - labo d'analyse et rech en economie et finance internationales;16 avenue leon duguit, CS 50057;33608;PESSAC CEDEX;05 56 84 29 80;;
LASER COFINOGA;106/108 av du Président JF Kennedy;33606;MERIGNAC CEDEX;05 56 55 72 29;;
LE CAMPEMENT DARWIN;87 Quai des Queyries;33000;BORDEAUX;;;
LE LYRE;Lyonnaise des eaux, 91 rue Paulin, BP9;33029;BORDEAUX CEDEX;05 57 57 27 38;;
LE LYRE;univ Bordeaux 1, domaine du haut carré, Bat C4;33400;TALENCE;05 57 57 27 38;;
LE RALLYE DES PEPITES;3 Rond-Point de lou Pailley;33610;CESTAS;06 72 88 78 93;;
LE SONDIER;Le Tissoir, 29 Rue d'Ivry;69004;LYON;;;
LECENTSEPT;107 Rue de Marseille;69007;LYON;;;
LES APPRENTIS D'AUTEUIL;40 rue Jean de La Fontaine;75016;PARIS;;;
LES COOP HLM;14 rue Lord Byron;75384;PARIS CEDEX 08;01 40 75 79 48;;
LES ENTREPRENANTS;;;;;;
LES PETITES RIVIERES;Les Hucaudières;37510;VILLANDRY;;;
LES VIGIES;;;;;;
LEST;35  Avenue Jules Ferry;13626;AIX EN PROVENCE;;;
LILLE'S AGENCY;10 rue des Poissonceaux, BP 40213;59002;LILLE CEDEX;03 62 14 50 06;;
LPO PAYS DE LA LOIRE;35 rue de la Barre;49000;ANGERS;;;
LUMIN E SENS;9 Chemin Clément Laffargue,;33650;MARTILLAC;;;
MAIF;;;;;;
MAISON DE LA COMMUNICATION;3 Rue Alfred Kastler;17000;LA ROCHELLE;;;
MAISON POUR REBONDIR;91 Rue Nuyens;33100;BORDEAUX;;;
MAISON SIMEON;45 RUE LAKANAL;42300;ROANNE;;contact@lesmaisonsdesimeon.fr;
MARTINEZ FRERES;;;;;;
MATATOU;120 Chemin d'Ornon;33170;GRADIGNAN;;;
MCGILL;;;;;;
MEDEF GIRONDE;41 Rue Durieu de Maisonneuve;33000;BORDEAUX;;;
MIDI PYRENEES ACTIVES;32 rue de la caravelle;31500;TOULOUSE;05 62 73 16 53;;
MINISTERE DE L'ECOLOGIE, DU DEVELOPPEMENT DURABLE ET DE L'ENERGIE;Hôtel de Roquelaure 246 boulevard Saint-Germain;75007;PARIS;;;
MIROBOLE EDITIONS;106 rue dubourdieu;33800;BORDEAUX;;;
MONTPELLIER BUSINESS SCHOOL;2300 Avenue des Moulins;34080;MONTPELLIER;;;
MOUVES;204 Rue de Crimée;75019;PARIS;;;
MOZAIK ;;;;;;
MPR - LA MAISON POUR REBONDIR;91 rue Nuyens;33100;BORDEAUX;05 57 30 47 72;;
MSHS POITIERS;Bâtiment A5 5, rue Théodore Lefebvre TSA 21103;86073;POITIERS CEDEX;;;
MULTIVOTE;155 RUE DE COURCELLES;75017;PARIS;;;
NAIO Technologies;12 avenue de l'europe, villa el paso;31520;RAMONVILLE STE AGNEE;09 72 45 40 85;contact@naio-technologies.com;
NEO DIGITAL;2 Rue Gambetta;27300;BERNAY;;;
NEO RAMA;6 bis rue Paul Gros;33270;FLOIRAC;05 57 300 910;;
NEXA;Hotel de région réunion Av René Cassin;97490;SAINT DENIS;;;
NOV IMPACT;;;;;;
NRJ;;;;;;
O'TEMPORA;48 rue Thiac;33000;BORDEAUX;05 56 81 01 11;;
OCEAN BLEU;;;;;;
ORANGE;;;;;;
PAPETERIE D'ARVOR;rue Didier Daurat;35136;SAINT JACQUES DE LA LANDE;;;
PARIS PIONNIERES;35 Rue du Sentier;75002;PARIS;;;
Pays Adour Landes Océnaes ;"270, route de Bayonne
";40230;SAINT VINCENT DE TYROSSE;06-37-51-83-97;delphine.empio@pays-adour-landes-oceanes.com;
PENSER BI;;;;;;
PEP 33;70 rue du château d'eau;33000;BORDEAUX;05 56 56 57 00;contact@lespep33.org;
PIX3LR;;;;;centrenumerique.pix3lr@gmail.com;
PLACE;rue des terres neuves, Bat 19;33130;BEGLES;05 56 31 29 28;place@place-reflex.org;
POLE EMPLOI LIBOURNE;33 chemin du casse;33500;LIBOURNE;05 57 55 48 31;;
POLLEN;;;;;;
POUEY INTERNATIONAL;57 Rue de Soissons;33000;BORDEAUX;;;
PREFECTURE NOUVELLE AQUITAINE;2 Esp Charles de Gaulle;33000;BORDEAUX;;;
PREMIERE BRIQUE;27bis Allées Maurice Sarraut;31300;TOULOUSE;;;
PULSALYS;domaine scientifique de la doua, Bat Marco Polo, 47 bvd du 11 novembre 1918, CS 90170;69625;VILLEURBANNE CEDEX;04 26 23 56 60;;
QUANDRANT CONSEIL;5 Rue Martel;75010;PARIS;;;
RASATOM;12 chemin du moulin;31470;SAIGUEDE;;;
REGIE DES QUARTIERS SAINTES;5 Bis avenue de Bellevue;17100;SAINTES;;direct.regiedequartier.saintes@gmail.com;
RESEAU ENTREPRENDRE AQUITAINE;Bâtiment Sud, Darwin Ecosystème Caserne Niel Le Campement, 87 Quai des Queyries,;33100;BORDEAUX;;;
RESSOURCES & SAVOIRS;115 boulevard de l’Europe;76100;ROUEN;;;
RQIS;1259 Berri,Local AC-8215;H2L4C7;MONTREAL QUEBEC;;;
RTES;Hotel de ville, BP 667;59033;LILLE CEDEX;;;
RUCHES D'ENTREPRISES NORD DE France;54-56 rue Jean Sans Peur, BP 1291;59014;LILLE CEDEX;03 20 17 27 66;;
SADEL;;;;;;
SALUTERRE;14 C, rue du Pâtis Tatelin;33220;SAINTE FOY LA GRANDE;;;
SATT AXLR;Métropolis 2 • CS 80;34090;MONTPELLIER;;;
SATT OUEST VALO;14 C, rue du Pâtis Tatelin Métropolis 2 • CS 804;35708;RENNES CEDEX;;;
SATT SUD EST;le silo, 35 quai du lazaret, CS 70545;13304;MARSEILLE CEDEX 03;;;
SAVEURS ET SAVOIRS;704 Avenue de la Gare;27610;ROMILLY SUR ANDELLE;;;
SCIENCES PO BORDEAUX;11 Allée Ausone;33600;PESSAC;;;
SENS ECO;;;;;;
SGAR33;4B esplanade charles de gaulle;33077;BORDEAUX CEDEX;05 56 90 65 04;;
SIE VAL DE SAINTONGE;55 Rue Michel Texier;17400;SAINT JEAN D'ANGELY;;;
SMICVAL;8 Route de la Pinière;33910;SAINT DENIS DE PILE;;;
SOCIAL PLANET;34 Av. Charles De Gaulle;92200;NEUILLY SUR SEINE;;;
SPN;;;;;;
SPORT PYRENEES EMPLOI - SPE;12 Rue du Professeur Garrigou-Lagrange;64000;PAU;;;
SUR LA RIVE DROITE;;;;;;
T2TI;;;;;;
TECHNOPOLE POITIERS;Grand Poitiers Communauté urbaine Place du Maréchal Leclerc - CS 10569;86021;POITIERS CEDEX;;;
TIERS LIEUX;;;;;;
TOPICS;;;;;;
TRALALERE ;;;;;;
UMANO;;;;;;
UMIHRA;8 rue castelnau d'Auros;33000;BORDEAUX;05 56 99 49 37;umihra@umihra.fr;
UNCCAS FORMATION;11 Rue Louise Thuliez;75019;PARIS;;;
UNEA;36 Rue du Chemin Vert;75011;PARIS;;;
UNION NATIONALE DES PIMMS;Immeuble Le gréement - 2, place André Latarjet;69008;LYON;;;
UNIPSO;Square Arthur Masson 1/7;5000;NAMUR;;;
UNIVERSITE AVIGNON ET PAYS VAUCLUSE;74, rue L. Pasteur - F;84019;AVIGNON CEDEX 01;;;
UNIVERSITE D'ANGERS;40 Rue de Rennes;49035;ANGERS;;;
UNIVERSITE DE BORDEAUX;16 avenue Léon Duguit CS 50057;33608;PESSAC CEDEX;;;
UNIVERSITE DE LIMOGES;33 Rue François Mitterrand;87032;LIMOGES;;;
UNIVERSITE DE NAMUR;Rue de Bruxelles 61;5000;NAMUR;;;
UNIVERSITE DE POITIERS;15 Rue de l'Hôtel Dieu;86000;POITIERS;;;
UNIVERSITE DE RENNES;2 rue du Thabor _ CS 46510;35042;RENNES;;;
UNIVERSITE LA ROCHELLE;23 Avenue Albert Einstein;17000;LA ROCHELLE;;;
UNIVERSITE LIBRE DE BRUXELLES;Avenue Franklin Roosevelt 50;1050;BRUXELLES;;;
UNIVERSITE PARIS 1;17, Rue de la Sorbonne;75005;PARIS;;;
UNIVERSITE SAINT LOUIS BRUXELLES;43 Boulevard du Jardin Botanique;1000;BRUXELLES;;;
UNIVERSITE SORBONNE;17, Rue de la Sorbonne;75005;PARIS;;;
UNIVERSITE TOURS;60 Rue du Plat d'Étain;37000;TOURS;;;
UP  ;;;;06 61 44 55 92;contact@up-gironde.fr;
UP (CHEQUE DEJEUNER);;;;;;
URBAN PRACTICES;3 cours Charlemagne;69002;LYON;04 27 46 90 64;;
URIOPSS ALSACE;80 Avenue du Neuhof;67100;STRASBOURG;;accueil@uriopss-alsace.asso.fr;
URSCOOP LANGUEDOC ROUSSILLON;55 Rue Saint-Cléophas,;34070;MONTPELLIER;;;
URSCOP AQUITAINE;162 Cours Marechal Gallieni;33400;TALENCE;;;
VANDERBERG;;;;;;
VEOLIA;ZAC La plaine, 22 avenue marcel dassault, BP 25873;31506;TOULOUSE CEDEX 5;05 61 34 78 81;;
VEOLIA INNOVE;40 rue letort;75018;PARIS;01 45 72 78 81;;
VERGER GOUTTE D'OR;Lieu-dit Sauvage;47160;SAINT LEON;;;
VERTIGO LAB;DARWIN Éco-Système 87, Quai des Queyries;33100;BORDEAUX;;;
VIENNE MOULIERE SOLIDARITE;3 chemin de la brunetterie;86800;SEVRES ANXAUMONT;;;
VILLE DE BORDEAUX;Place Pey Berland;33000;BORDEAUX;;;
VILLE DE MERIGNAC;60 avenue du Maréchal de lattre de Tassigny;33705;MERIGNAC CEDEX;05 56 18 88 53;;
VILLE DE NOISY LE GRAND;1, place de la Libération BP 49;93161;NOISY LE GRAND CEDEX;;;
VILLE DE THOUARE;6 Rue de Mauves;44470;THOUARE SUR LOIRE;;;
VILLES AU CARRE;4 Allee du plessis;37000;TOURS;;;
VITAMINE T;10 avenue des sports, CS 60500;59815;LESQUIN CEDEX;03 20 61 70 70;;
VIVA SIOULE CR EBREUIL;17 place de la gare;03450;EBREUIL;;;
WAKE UP DESIGN;;;;;info@wakupstudio.com;
WINETAILORS;4 Boulevard du 8 Mai 1945;24100;BERGERAC;05 53 22 85 15; ;
ROBOTS !;Place du 51ème Regiment d'Artillerie;44000;NANTES;;;
CGSCOP;30, rue des épinettes;75017;PARIS;01 44 85 47 00;;
